epoch,time,train/box_loss,train/cls_loss,train/dfl_loss,metrics/precision(B),metrics/recall(B),metrics/mAP50(B),metrics/mAP50-95(B),val/box_loss,val/cls_loss,val/dfl_loss,lr/pg0,lr/pg1,lr/pg2
1,3.39525,1.44084,3.81349,0.92546,0.00393,1,0.05378,0.03765,0.8468,3.39276,0.83286,4e-05,4e-05,4e-05
2,6.45925,1.09152,3.50317,0.86412,0.0039,1,0.04738,0.03537,0.88176,3.45479,0.82211,9.967e-05,9.967e-05,9.967e-05
3,9.79368,1.17207,2.99388,0.89589,0.00398,1,0.19042,0.12006,1.04995,3.47749,0.82612,0.000158944,0.000158944,0.000158944
4,12.7559,1.14848,2.20588,0.88528,0.0043,1,0.745,0.18364,1.12919,3.46152,0.84159,0.000217822,0.000217822,0.000217822
5,15.3963,1.16945,1.57462,0.84205,0.0046,1,0.13417,0.03986,0.91993,3.47898,0.85597,0.000276304,0.000276304,0.000276304
6,17.9663,1.08939,1.28437,0.86438,0.00481,1,0.25781,0.03866,0.96168,3.45507,0.84813,0.00033439,0.00033439,0.00033439
7,21.012,1.09594,1.23284,0.85305,0.00471,1,0.0197,0.01434,0.9716,3.433,0.84652,0.00039208,0.00039208,0.00039208
8,23.8999,1.024,1.1828,0.88539,0.00459,1,0.01932,0.01458,0.83609,3.43025,0.84386,0.000449374,0.000449374,0.000449374
9,26.7881,0.99293,1.1826,0.85113,0.00468,1,0.0186,0.00958,1.16332,3.71711,0.97006,0.000506272,0.000506272,0.000506272
10,29.6857,0.87116,1.09058,0.82635,0.00468,1,0.01809,0.01121,1.04486,3.4868,0.87733,0.000562774,0.000562774,0.000562774
11,32.5385,1.0344,1.09114,0.85614,0.00438,1,0.01716,0.01249,0.87228,3.33487,0.86705,0.00061888,0.00061888,0.00061888
12,35.4247,0.93705,1.07665,0.85815,0.00438,1,0.01777,0.01244,0.92028,3.32916,0.91644,0.00067459,0.00067459,0.00067459
13,38.4462,0.94501,1.08131,0.86198,0.00412,1,0.01658,0.01208,0.66745,3.37592,0.8519,0.000729904,0.000729904,0.000729904
14,41.6714,0.94739,1.16359,0.85825,0.00413,1,0.01686,0.01397,0.53673,3.34237,0.83228,0.000784822,0.000784822,0.000784822
15,44.7716,0.95835,1.18432,0.86024,0.00393,1,0.01777,0.01343,0.77589,3.35824,0.84466,0.000839344,0.000839344,0.000839344
16,47.8351,1.06413,0.98693,0.86576,0.00381,1,0.01793,0.01355,0.71092,3.34283,0.84053,0.00089347,0.00089347,0.00089347
17,51.2473,0.92198,1.09021,0.80711,0.00333,1,0.01809,0.01316,0.80172,3.35925,0.85225,0.0009472,0.0009472,0.0009472
18,54.1968,1.01475,0.93187,0.87917,0.00334,1,0.01826,0.01377,0.81421,3.31197,0.8542,0.00100053,0.00100053,0.00100053
19,57.3461,1.03197,0.98968,0.82549,0.00336,1,0.01746,0.01396,0.74248,3.25469,0.8618,0.00105347,0.00105347,0.00105347
20,60.3391,0.95709,0.97716,0.87438,0.00333,1,0.01843,0.0134,0.70994,3.24111,0.83867,0.00110601,0.00110601,0.00110601
21,63.2417,0.95027,0.91938,0.86426,0.00333,1,0.01793,0.01304,0.69777,3.13433,0.8462,0.00115816,0.00115816,0.00115816
22,66.1283,1.03006,0.96623,0.85757,0.00333,1,0.01686,0.01227,0.87684,3.09266,0.89239,0.00120991,0.00120991,0.00120991
23,69.0436,1.04935,1.00865,0.83536,0.00333,1,0.01701,0.01191,0.93364,3.03323,0.89892,0.00126126,0.00126126,0.00126126
24,71.9751,1.00869,1.00747,0.89376,0.00333,1,0.01777,0.01244,0.77438,3.00369,0.85877,0.00131222,0.00131222,0.00131222
25,74.8916,0.89554,0.93965,0.85526,0.00333,1,0.01843,0.01335,0.66995,2.99909,0.83871,0.00136278,0.00136278,0.00136278
26,77.7603,0.95755,0.95102,0.87093,0.00333,1,0.0201,0.01522,0.68511,2.95134,0.85314,0.00141295,0.00141295,0.00141295
27,80.6195,0.96979,0.9867,0.84969,0.00333,1,0.02095,0.01574,0.89672,2.87929,0.91189,0.00146272,0.00146272,0.00146272
28,83.5277,1.03278,0.94702,0.85337,0.00333,1,0.995,0.74604,0.90942,2.69184,0.92831,0.00151209,0.00151209,0.00151209
29,86.6268,1.00771,1.00463,0.84367,0.00333,1,0.995,0.74604,0.90942,2.69184,0.92831,0.00156107,0.00156107,0.00156107
30,90.0046,1.04063,0.9278,0.8602,0.00333,1,0.995,0.84554,0.74202,2.56287,0.87982,0.00160965,0.00160965,0.00160965
31,93.4367,0.99543,0.87083,0.82884,0.00333,1,0.995,0.89508,0.71024,2.45145,0.86935,0.00165784,0.00165784,0.00165784
32,97.8374,0.9112,0.90749,0.86646,0.01999,1,0.995,0.84554,0.73604,2.22105,0.88211,0.00170563,0.00170563,0.00170563
33,101.045,0.94376,0.91172,0.87008,0.01999,1,0.995,0.84554,0.73604,2.22105,0.88211,0.00175302,0.00175302,0.00175302
34,104.273,0.80352,0.83648,0.83799,0.06794,1,0.995,0.84554,0.76979,2.11444,0.8859,0.0017822,0.0017822,0.0017822
35,107.563,0.89191,0.85369,0.87355,0.95571,1,0.995,0.84554,0.79482,1.80318,0.88443,0.0017756,0.0017756,0.0017756
36,110.486,0.89383,0.8796,0.84139,0.99924,1,0.995,0.89508,0.85966,1.73777,0.89465,0.001769,0.001769,0.001769
37,113.391,0.9032,0.83108,0.86106,0.99924,1,0.995,0.89508,0.85966,1.73777,0.89465,0.0017624,0.0017624,0.0017624
38,116.234,0.83941,0.81131,0.82683,1,0.99988,0.995,0.84554,0.7977,1.69365,0.88962,0.0017558,0.0017558,0.0017558
39,119.435,0.80218,0.79025,0.80874,0.97487,1,0.995,0.79559,0.75945,1.64146,0.88517,0.0017492,0.0017492,0.0017492
40,122.522,0.82209,0.82893,0.81639,0.96202,1,0.995,0.89508,0.77962,1.5075,0.89055,0.0017426,0.0017426,0.0017426
41,125.788,0.89256,0.80425,0.80784,0.96202,1,0.995,0.89508,0.77962,1.5075,0.89055,0.001736,0.001736,0.001736
42,128.994,0.81542,0.80025,0.83765,0.96783,1,0.995,0.84513,0.71736,1.4524,0.88008,0.0017294,0.0017294,0.0017294
43,132.48,0.7794,0.78049,0.83202,0.98521,1,0.995,0.89508,0.67998,1.32227,0.88403,0.0017228,0.0017228,0.0017228
44,136.264,0.7144,0.73896,0.83259,0.99781,1,0.995,0.89508,0.85378,1.06537,0.91661,0.0017162,0.0017162,0.0017162
45,140.634,0.83561,0.72621,0.82723,0.99781,1,0.995,0.89508,0.85378,1.06537,0.91661,0.0017096,0.0017096,0.0017096
46,144.314,0.75455,0.70957,0.82373,0.9959,1,0.995,0.94504,0.65138,0.88294,0.87327,0.001703,0.001703,0.001703
47,147.022,0.76863,0.7392,0.84714,1,0.99876,0.995,0.84554,0.67047,0.82967,0.8658,0.0016964,0.0016964,0.0016964
48,149.935,0.71846,0.68013,0.84455,1,0.99537,0.995,0.94504,0.56019,0.91333,0.85708,0.0016898,0.0016898,0.0016898
49,152.914,0.71613,0.69629,0.85078,1,0.99537,0.995,0.94504,0.56019,0.91333,0.85708,0.0016832,0.0016832,0.0016832
50,156.308,0.92991,0.7673,0.872,1,0.99719,0.995,0.89509,0.57689,0.85306,0.86399,0.0016766,0.0016766,0.0016766
51,159.522,0.80199,0.70203,0.83596,0.99256,1,0.995,0.94505,0.54996,0.77123,0.86152,0.00167,0.00167,0.00167
52,162.745,0.72258,0.72047,0.8127,0.98955,1,0.995,0.94505,0.6743,0.76167,0.86999,0.0016634,0.0016634,0.0016634
53,165.987,0.77365,0.70633,0.85787,0.98955,1,0.995,0.94505,0.6743,0.76167,0.86999,0.0016568,0.0016568,0.0016568
54,169.253,0.86119,0.74637,0.8291,0.98979,1,0.995,0.8955,0.69226,0.71794,0.87881,0.0016502,0.0016502,0.0016502
55,172.101,0.88286,0.7287,0.84163,0.98409,1,0.995,0.8955,0.56677,0.65532,0.86095,0.0016436,0.0016436,0.0016436
56,174.932,0.81582,0.7464,0.82622,0.98256,1,0.995,0.8951,0.67937,0.67237,0.87605,0.001637,0.001637,0.001637
57,177.804,0.90258,0.71274,0.82803,0.98256,1,0.995,0.8951,0.67937,0.67237,0.87605,0.0016304,0.0016304,0.0016304
58,180.916,0.73984,0.67088,0.80974,0.98292,1,0.995,0.94505,0.60198,0.58064,0.85674,0.0016238,0.0016238,0.0016238
59,183.92,0.73282,0.62764,0.83621,0.98287,1,0.995,0.9203,0.63779,0.67402,0.85505,0.0016172,0.0016172,0.0016172
60,186.788,0.87931,0.65692,0.82471,0.9832,1,0.995,0.84555,0.70851,0.64925,0.85988,0.0016106,0.0016106,0.0016106
61,189.793,0.79474,0.68725,0.89398,0.9832,1,0.995,0.84555,0.70851,0.64925,0.85988,0.001604,0.001604,0.001604
62,193.023,0.76329,0.63381,0.84034,0.98306,1,0.995,0.89511,0.59492,0.54597,0.85646,0.0015974,0.0015974,0.0015974
63,196.673,0.77538,0.62365,0.8428,0.98228,1,0.995,0.84556,0.6418,0.52148,0.86093,0.0015908,0.0015908,0.0015908
64,200.13,0.72172,0.62422,0.78064,0.98113,1,0.995,0.8955,0.67306,0.56724,0.86103,0.0015842,0.0015842,0.0015842
65,203.79,0.69323,0.64631,0.79756,0.98113,1,0.995,0.8955,0.67306,0.56724,0.86103,0.0015776,0.0015776,0.0015776
66,207.23,0.73848,0.63993,0.81339,0.9811,1,0.995,0.94506,0.56063,0.52485,0.85324,0.001571,0.001571,0.001571
67,210.263,0.80029,0.63427,0.84266,0.98172,1,0.995,0.8955,0.55009,0.5428,0.84072,0.0015644,0.0015644,0.0015644
68,213.12,0.79032,0.60815,0.82711,0.98252,1,0.995,0.8955,0.6447,0.54834,0.85379,0.0015578,0.0015578,0.0015578
69,216.088,0.71976,0.6065,0.83204,0.98252,1,0.995,0.8955,0.6447,0.54834,0.85379,0.0015512,0.0015512,0.0015512
70,219.569,0.68077,0.54788,0.83566,0.98262,1,0.995,0.8955,0.63446,0.51427,0.8548,0.0015446,0.0015446,0.0015446
71,222.587,0.67841,0.5748,0.83693,0.98272,1,0.995,0.94507,0.3771,0.43437,0.83052,0.001538,0.001538,0.001538
72,225.376,0.67694,0.56778,0.82523,0.98293,1,0.995,0.8955,0.46296,0.43532,0.8325,0.0015314,0.0015314,0.0015314
73,228.286,0.77723,0.59333,0.79106,0.98293,1,0.995,0.8955,0.46296,0.43532,0.8325,0.0015248,0.0015248,0.0015248
74,231.45,0.76612,0.61645,0.83284,0.98301,1,0.995,0.8955,0.49572,0.50131,0.83052,0.0015182,0.0015182,0.0015182
75,234.47,0.69624,0.6011,0.81785,0.98295,1,0.995,0.94507,0.42316,0.40781,0.82983,0.0015116,0.0015116,0.0015116
76,237.755,0.69962,0.59478,0.84482,0.98278,1,0.995,0.94507,0.49389,0.37785,0.8477,0.001505,0.001505,0.001505
77,241.13,0.73656,0.56334,0.83346,0.98278,1,0.995,0.94507,0.49389,0.37785,0.8477,0.0014984,0.0014984,0.0014984
78,245.235,0.65614,0.53815,0.82708,0.98289,1,0.995,0.8955,0.47802,0.49627,0.83504,0.0014918,0.0014918,0.0014918
79,249.38,0.76137,0.61071,0.82183,0.98307,1,0.995,0.92035,0.47552,0.49808,0.83234,0.0014852,0.0014852,0.0014852
80,253.06,0.78504,0.55658,0.80054,0.983,1,0.995,0.94511,0.51094,0.53089,0.84316,0.0014786,0.0014786,0.0014786
81,257.101,0.73597,0.61924,0.78312,0.983,1,0.995,0.94511,0.51094,0.53089,0.84316,0.001472,0.001472,0.001472
82,260.921,0.71004,0.57177,0.79018,0.98309,1,0.995,0.94511,0.52262,0.52596,0.84307,0.0014654,0.0014654,0.0014654
83,264.816,0.6884,0.55995,0.78049,0.98323,1,0.995,0.94512,0.54821,0.45674,0.85226,0.0014588,0.0014588,0.0014588
84,268.3,0.70638,0.56958,0.8354,0.98341,1,0.995,0.94512,0.57588,0.38561,0.8657,0.0014522,0.0014522,0.0014522
85,271.638,0.78873,0.57278,0.84825,0.98341,1,0.995,0.94512,0.57588,0.38561,0.8657,0.0014456,0.0014456,0.0014456
86,274.779,0.76874,0.58281,0.84176,0.98339,1,0.995,0.94513,0.55919,0.40724,0.85327,0.001439,0.001439,0.001439
87,277.641,0.7821,0.57196,0.83306,0.98297,1,0.995,0.94515,0.49673,0.46154,0.84607,0.0014324,0.0014324,0.0014324
88,280.649,0.67844,0.57968,0.8118,0.98299,1,0.995,0.94515,0.55624,0.44149,0.85165,0.0014258,0.0014258,0.0014258
89,283.734,0.80437,0.55928,0.82662,0.98299,1,0.995,0.94515,0.55624,0.44149,0.85165,0.0014192,0.0014192,0.0014192
90,286.607,0.71314,0.54689,0.7968,0.98332,1,0.995,0.8955,0.57751,0.46907,0.83799,0.0014126,0.0014126,0.0014126
91,289.536,0.72662,0.5645,0.82298,0.98356,1,0.995,0.84566,0.59308,0.55488,0.83711,0.001406,0.001406,0.001406
92,292.083,0.70917,0.55768,0.82765,0.98338,1,0.995,0.8953,0.53125,0.45499,0.84795,0.0013994,0.0013994,0.0013994
93,294.733,0.72591,0.55789,0.82969,0.98338,1,0.995,0.8953,0.53125,0.45499,0.84795,0.0013928,0.0013928,0.0013928
94,297.47,0.6585,0.52182,0.8252,0.98331,1,0.995,0.89531,0.53102,0.44623,0.84108,0.0013862,0.0013862,0.0013862
95,300.334,0.6813,0.53834,0.8021,0.98291,1,0.995,0.84567,0.60748,0.51573,0.85833,0.0013796,0.0013796,0.0013796
96,303.249,0.68476,0.53016,0.83152,0.98312,1,0.995,0.84565,0.58818,0.4384,0.8469,0.001373,0.001373,0.001373
97,305.881,0.60445,0.5002,0.79427,0.98312,1,0.995,0.84565,0.58818,0.4384,0.8469,0.0013664,0.0013664,0.0013664
98,308.581,0.63007,0.5134,0.81561,0.98305,1,0.995,0.94515,0.51488,0.35073,0.8382,0.0013598,0.0013598,0.0013598
99,311.478,0.63681,0.50348,0.8021,0.98302,1,0.995,0.94517,0.36501,0.36642,0.81711,0.0013532,0.0013532,0.0013532
100,314.395,0.5475,0.48539,0.80784,0.98296,1,0.995,0.92042,0.46881,0.38976,0.82492,0.0013466,0.0013466,0.0013466
101,317.717,0.7476,0.51192,0.84247,0.98296,1,0.995,0.92042,0.46881,0.38976,0.82492,0.00134,0.00134,0.00134
102,320.208,0.72019,0.50383,0.82272,0.98285,1,0.995,0.92041,0.5225,0.47304,0.83482,0.0013334,0.0013334,0.0013334
103,322.782,0.77186,0.52247,0.81318,0.98262,1,0.995,0.8955,0.56198,0.45067,0.84342,0.0013268,0.0013268,0.0013268
104,325.325,0.64731,0.54867,0.84977,0.98224,1,0.995,0.8955,0.5418,0.39597,0.84334,0.0013202,0.0013202,0.0013202
105,328.026,0.61797,0.49076,0.82116,0.98224,1,0.995,0.8955,0.5418,0.39597,0.84334,0.0013136,0.0013136,0.0013136
106,330.578,0.59265,0.50447,0.80382,0.98227,1,0.995,0.8955,0.48069,0.36038,0.84003,0.001307,0.001307,0.001307
107,333.309,0.61871,0.5324,0.84336,0.98246,1,0.995,0.8955,0.51526,0.36188,0.84591,0.0013004,0.0013004,0.0013004
108,335.873,0.62298,0.52219,0.79959,0.98264,1,0.995,0.8955,0.54337,0.35436,0.8505,0.0012938,0.0012938,0.0012938
109,338.419,0.5765,0.47538,0.86607,0.98264,1,0.995,0.8955,0.54337,0.35436,0.8505,0.0012872,0.0012872,0.0012872
110,341.227,0.67227,0.46955,0.81579,0.98254,1,0.995,0.8955,0.62774,0.43659,0.85713,0.0012806,0.0012806,0.0012806
111,343.84,0.63208,0.46898,0.80428,0.98257,1,0.995,0.94517,0.56962,0.4491,0.85358,0.001274,0.001274,0.001274
112,346.731,0.65423,0.4888,0.83552,0.9826,1,0.995,0.89533,0.56155,0.44862,0.84951,0.0012674,0.0012674,0.0012674
113,349.632,0.67803,0.48553,0.80283,0.9826,1,0.995,0.89533,0.56155,0.44862,0.84951,0.0012608,0.0012608,0.0012608
114,352.175,0.67613,0.49541,0.80955,0.98265,1,0.995,0.84567,0.62982,0.42578,0.8551,0.0012542,0.0012542,0.0012542
115,354.794,0.6478,0.4643,0.82618,0.98264,1,0.995,0.94517,0.42702,0.40072,0.83095,0.0012476,0.0012476,0.0012476
116,357.931,0.58086,0.46535,0.81461,0.98291,1,0.995,0.995,0.35897,0.33426,0.82542,0.001241,0.001241,0.001241
117,361.09,0.60597,0.45194,0.82206,0.98291,1,0.995,0.995,0.35897,0.33426,0.82542,0.0012344,0.0012344,0.0012344
118,364.146,0.60677,0.44659,0.81934,0.9827,1,0.995,0.8955,0.43993,0.33909,0.82888,0.0012278,0.0012278,0.0012278
119,367.249,0.63045,0.45583,0.82579,0.98267,1,0.995,0.92043,0.39979,0.34417,0.83197,0.0012212,0.0012212,0.0012212
120,370.075,0.59661,0.45051,0.79381,0.98202,1,0.995,0.94519,0.36991,0.32551,0.83103,0.0012146,0.0012146,0.0012146
121,372.698,0.62413,0.46851,0.79758,0.98202,1,0.995,0.94519,0.36991,0.32551,0.83103,0.001208,0.001208,0.001208
122,375.499,0.56212,0.4592,0.81417,0.98142,1,0.995,0.8955,0.38432,0.27996,0.83263,0.0012014,0.0012014,0.0012014
123,378.322,0.63647,0.48485,0.79734,0.98156,1,0.995,0.8955,0.43256,0.34721,0.83719,0.0011948,0.0011948,0.0011948
124,381.261,0.66192,0.48888,0.80878,0.98162,1,0.995,0.82106,0.45508,0.39754,0.84126,0.0011882,0.0011882,0.0011882
125,383.862,0.70332,0.48678,0.78677,0.98162,1,0.995,0.82106,0.45508,0.39754,0.84126,0.0011816,0.0011816,0.0011816
126,386.504,0.68362,0.48243,0.82461,0.98154,1,0.995,0.82107,0.47714,0.45379,0.83534,0.001175,0.001175,0.001175
127,389.218,0.64406,0.45093,0.79962,0.98122,1,0.995,0.94535,0.46103,0.45468,0.83198,0.0011684,0.0011684,0.0011684
128,392.279,0.63486,0.45783,0.81254,0.98203,1,0.995,0.94542,0.44212,0.38016,0.83974,0.0011618,0.0011618,0.0011618
129,395.303,0.62775,0.4731,0.77959,0.98203,1,0.995,0.94542,0.44212,0.38016,0.83974,0.0011552,0.0011552,0.0011552
130,398.532,0.71848,0.52206,0.80767,0.98241,1,0.995,0.8955,0.403,0.41531,0.82781,0.0011486,0.0011486,0.0011486
131,401.352,0.6665,0.56087,0.74468,0.98244,1,0.995,0.92062,0.39813,0.36599,0.83171,0.001142,0.001142,0.001142
132,404.086,0.53755,0.44171,0.77936,0.98238,1,0.995,0.8955,0.51645,0.39117,0.83297,0.0011354,0.0011354,0.0011354
133,406.653,0.62809,0.48318,0.84387,0.98238,1,0.995,0.8955,0.51645,0.39117,0.83297,0.0011288,0.0011288,0.0011288
134,409.372,0.75449,0.49013,0.83727,0.9821,1,0.995,0.92072,0.455,0.40246,0.8277,0.0011222,0.0011222,0.0011222
135,412.116,0.59997,0.49564,0.83559,0.98188,1,0.995,0.94591,0.36007,0.3603,0.82638,0.0011156,0.0011156,0.0011156
136,414.731,0.67866,0.47748,0.81982,0.9821,1,0.995,0.94642,0.39431,0.33141,0.83307,0.001109,0.001109,0.001109
137,417.561,0.655,0.475,0.7984,0.9821,1,0.995,0.94642,0.39431,0.33141,0.83307,0.0011024,0.0011024,0.0011024
138,420.878,0.63627,0.43684,0.81275,0.98222,1,0.995,0.9467,0.37534,0.33178,0.83574,0.0010958,0.0010958,0.0010958
139,424.271,0.58022,0.49807,0.81157,0.98209,1,0.995,0.94755,0.38069,0.37671,0.83207,0.0010892,0.0010892,0.0010892
140,427.579,0.57022,0.42527,0.81912,0.98229,1,0.995,0.92308,0.36298,0.33188,0.82251,0.0010826,0.0010826,0.0010826
141,430.909,0.57209,0.44648,0.80007,0.98229,1,0.995,0.92308,0.36298,0.33188,0.82251,0.001076,0.001076,0.001076
142,434.421,0.60726,0.43474,0.81049,0.98251,1,0.995,0.995,0.30768,0.2859,0.82096,0.0010694,0.0010694,0.0010694
143,437.771,0.64968,0.46175,0.81914,0.98234,1,0.995,0.94783,0.32581,0.29232,0.82522,0.0010628,0.0010628,0.0010628
144,441.262,0.57145,0.43664,0.82587,0.98188,1,0.995,0.9228,0.43575,0.33787,0.83269,0.0010562,0.0010562,0.0010562
145,444.44,0.6485,0.47933,0.82963,0.98188,1,0.995,0.9228,0.43575,0.33787,0.83269,0.0010496,0.0010496,0.0010496
146,447.454,0.63188,0.46242,0.80961,0.98178,1,0.995,0.92344,0.4453,0.38057,0.83216,0.001043,0.001043,0.001043
147,450.259,0.55971,0.41319,0.84249,0.98195,1,0.995,0.94925,0.40611,0.35899,0.82984,0.0010364,0.0010364,0.0010364
148,453.528,0.69866,0.46503,0.79076,0.98257,1,0.995,0.90775,0.50084,0.40413,0.84743,0.0010298,0.0010298,0.0010298
149,456.844,0.62577,0.45708,0.77075,0.98257,1,0.995,0.90775,0.50084,0.40413,0.84743,0.0010232,0.0010232,0.0010232
150,460.205,0.65653,0.44108,0.79271,0.98289,1,0.995,0.854,0.50529,0.35155,0.84506,0.0010166,0.0010166,0.0010166
151,463.854,0.5937,0.45098,0.79292,0.98294,1,0.995,0.8955,0.49474,0.45837,0.85377,0.00101,0.00101,0.00101
152,467.951,0.61492,0.41908,0.79694,0.98287,1,0.995,0.8955,0.6029,0.41623,0.85608,0.0010034,0.0010034,0.0010034
153,471.525,0.60217,0.42782,0.80519,0.98287,1,0.995,0.8955,0.6029,0.41623,0.85608,0.0009968,0.0009968,0.0009968
154,474.556,0.55795,0.40998,0.79595,0.9827,1,0.995,0.8955,0.57621,0.37883,0.84994,0.0009902,0.0009902,0.0009902
155,477.908,0.58117,0.43422,0.80696,0.98257,1,0.995,0.8955,0.44121,0.35147,0.84446,0.0009836,0.0009836,0.0009836
156,481.049,0.56896,0.40751,0.76798,0.98245,1,0.995,0.8955,0.43547,0.28149,0.84208,0.000977,0.000977,0.000977
157,484.194,0.55128,0.40084,0.80186,0.98245,1,0.995,0.8955,0.43547,0.28149,0.84208,0.0009704,0.0009704,0.0009704
158,487.7,0.63301,0.4371,0.8079,0.98246,1,0.995,0.8955,0.50702,0.31373,0.8465,0.0009638,0.0009638,0.0009638
159,490.99,0.58069,0.40805,0.76644,0.98223,1,0.995,0.8955,0.6069,0.34452,0.85936,0.0009572,0.0009572,0.0009572
160,493.976,0.51647,0.42602,0.77387,0.98225,1,0.995,0.8955,0.53256,0.34289,0.84855,0.0009506,0.0009506,0.0009506
161,496.756,0.65761,0.43831,0.78855,0.98225,1,0.995,0.8955,0.53256,0.34289,0.84855,0.000944,0.000944,0.000944
162,500.376,0.56929,0.4364,0.82899,0.98204,1,0.995,0.94864,0.38142,0.31666,0.83485,0.0009374,0.0009374,0.0009374
163,503.857,0.56571,0.4162,0.78728,0.98218,1,0.995,0.94925,0.36069,0.32628,0.83678,0.0009308,0.0009308,0.0009308
164,506.89,0.62665,0.44113,0.81837,0.98217,1,0.995,0.94925,0.42059,0.32609,0.84411,0.0009242,0.0009242,0.0009242
165,510.13,0.57311,0.41518,0.80747,0.98217,1,0.995,0.94925,0.42059,0.32609,0.84411,0.0009176,0.0009176,0.0009176
166,512.806,0.57252,0.40978,0.83087,0.98195,1,0.995,0.94925,0.43656,0.31572,0.84423,0.000911,0.000911,0.000911
167,515.593,0.58461,0.42298,0.79182,0.98213,1,0.995,0.8955,0.42916,0.32008,0.8368,0.0009044,0.0009044,0.0009044
168,518.55,0.54581,0.41837,0.80419,0.98241,1,0.995,0.8955,0.42099,0.30468,0.83808,0.0008978,0.0008978,0.0008978
169,521.672,0.53763,0.37497,0.78416,0.98241,1,0.995,0.8955,0.42099,0.30468,0.83808,0.0008912,0.0008912,0.0008912
170,524.908,0.52788,0.40446,0.80749,0.9824,1,0.995,0.8955,0.41576,0.31442,0.83723,0.0008846,0.0008846,0.0008846
171,528.19,0.54853,0.40653,0.81055,0.98201,1,0.995,0.8955,0.48816,0.36181,0.84335,0.000878,0.000878,0.000878
172,531.188,0.56868,0.39621,0.79514,0.98183,1,0.995,0.8955,0.52031,0.37031,0.84918,0.0008714,0.0008714,0.0008714
173,534.454,0.6118,0.42135,0.78664,0.98183,1,0.995,0.8955,0.52031,0.37031,0.84918,0.0008648,0.0008648,0.0008648
174,537.401,0.53666,0.39941,0.8173,0.9816,1,0.995,0.8955,0.45746,0.39944,0.84053,0.0008582,0.0008582,0.0008582
175,540.4,0.50863,0.38863,0.75823,0.98131,1,0.995,0.8955,0.40894,0.31924,0.83422,0.0008516,0.0008516,0.0008516
176,543.413,0.51454,0.3894,0.80262,0.98165,1,0.995,0.8955,0.43324,0.31629,0.8366,0.000845,0.000845,0.000845
177,545.95,0.54047,0.39144,0.74843,0.98165,1,0.995,0.8955,0.43324,0.31629,0.8366,0.0008384,0.0008384,0.0008384
178,548.724,0.54598,0.40501,0.79389,0.98198,1,0.995,0.8955,0.56488,0.32852,0.84402,0.0008318,0.0008318,0.0008318
179,551.378,0.51341,0.38716,0.77729,0.98222,1,0.995,0.8955,0.55841,0.34795,0.84344,0.0008252,0.0008252,0.0008252
180,554.029,0.49334,0.38166,0.79423,0.98197,1,0.995,0.92662,0.45586,0.30908,0.83491,0.0008186,0.0008186,0.0008186
181,557.108,0.5602,0.38727,0.7877,0.98197,1,0.995,0.92662,0.45586,0.30908,0.83491,0.000812,0.000812,0.000812
182,560.112,0.47922,0.38039,0.79802,1,1,0.995,0.933,0.37756,0.33473,0.82502,0.0008054,0.0008054,0.0008054
183,563.013,0.52046,0.39387,0.7727,1,1,0.995,0.933,0.32173,0.32072,0.81989,0.0007988,0.0007988,0.0007988
184,565.612,0.57104,0.40572,0.81014,1,1,0.995,0.995,0.27617,0.26922,0.81828,0.0007922,0.0007922,0.0007922
185,568.217,0.48976,0.38388,0.77583,1,1,0.995,0.995,0.27617,0.26922,0.81828,0.0007856,0.0007856,0.0007856
186,570.826,0.55859,0.38584,0.7633,1,1,0.995,0.933,0.32225,0.31554,0.8214,0.000779,0.000779,0.000779
187,573.525,0.47802,0.36038,0.76024,1,1,0.995,0.933,0.31204,0.33732,0.82016,0.0007724,0.0007724,0.0007724
188,576.087,0.45787,0.3793,0.80335,1,1,0.995,0.933,0.31157,0.27424,0.82275,0.0007658,0.0007658,0.0007658
189,579.054,0.52139,0.37646,0.82594,1,1,0.995,0.933,0.31157,0.27424,0.82275,0.0007592,0.0007592,0.0007592
190,582.362,0.52204,0.37246,0.81127,1,1,0.995,0.95775,0.33678,0.25865,0.82328,0.0007526,0.0007526,0.0007526
191,585.558,0.52014,0.3801,0.78489,0.98244,1,0.995,0.9535,0.34882,0.2601,0.82025,0.000746,0.000746,0.000746
192,588.463,0.51222,0.36088,0.79102,0.98252,1,0.995,0.9501,0.32155,0.29152,0.81693,0.0007394,0.0007394,0.0007394
193,591.27,0.54799,0.3872,0.78884,0.98252,1,0.995,0.9501,0.32155,0.29152,0.81693,0.0007328,0.0007328,0.0007328
194,594.041,0.54593,0.39811,0.79735,0.98242,1,0.995,0.9501,0.26932,0.3302,0.81024,0.0007262,0.0007262,0.0007262
195,596.725,0.49172,0.37241,0.80472,0.98248,1,0.995,0.92535,0.28701,0.28809,0.81305,0.0007196,0.0007196,0.0007196
196,599.383,0.52635,0.39419,0.79645,0.98219,1,0.995,0.995,0.28497,0.27103,0.81426,0.000713,0.000713,0.000713
197,602.046,0.57226,0.38272,0.79163,0.98219,1,0.995,0.995,0.28497,0.27103,0.81426,0.0007064,0.0007064,0.0007064
198,604.933,0.50235,0.36862,0.79739,0.98235,1,0.995,0.92535,0.28112,0.27503,0.81555,0.0006998,0.0006998,0.0006998
199,607.664,0.53988,0.37944,0.7992,0.98188,1,0.995,0.92535,0.31053,0.28047,0.81668,0.0006932,0.0006932,0.0006932
200,610.533,0.51306,0.36966,0.76129,0.98206,1,0.995,0.92535,0.36678,0.272,0.81874,0.0006866,0.0006866,0.0006866
201,613.578,0.50821,0.36457,0.78158,0.98206,1,0.995,0.92535,0.36678,0.272,0.81874,0.00068,0.00068,0.00068
202,616.535,0.48733,0.38774,0.7947,0.98192,1,0.995,0.92535,0.33755,0.27934,0.81934,0.0006734,0.0006734,0.0006734
203,619.369,0.52741,0.36911,0.76933,0.98193,1,0.995,0.92662,0.34417,0.29222,0.82132,0.0006668,0.0006668,0.0006668
204,622.378,0.46949,0.3573,0.78058,0.982,1,0.995,0.92662,0.36303,0.29276,0.8219,0.0006602,0.0006602,0.0006602
205,625.746,0.51526,0.36787,0.78054,0.982,1,0.995,0.92662,0.36303,0.29276,0.8219,0.0006536,0.0006536,0.0006536
206,628.86,0.47427,0.34951,0.77049,0.98206,1,0.995,0.92662,0.42265,0.33411,0.82683,0.000647,0.000647,0.000647
207,631.511,0.47933,0.35545,0.77352,0.982,1,0.995,0.92535,0.46692,0.35189,0.83113,0.0006404,0.0006404,0.0006404
208,634.099,0.54096,0.39373,0.82035,0.98217,1,0.995,0.995,0.42784,0.32492,0.83089,0.0006338,0.0006338,0.0006338
209,636.785,0.51428,0.37131,0.77316,0.98217,1,0.995,0.995,0.42784,0.32492,0.83089,0.0006272,0.0006272,0.0006272
210,639.421,0.48876,0.37337,0.8026,0.98216,1,0.995,0.995,0.32861,0.29834,0.8213,0.0006206,0.0006206,0.0006206
211,642.035,0.55303,0.38168,0.78717,0.98244,1,0.995,0.995,0.33947,0.27381,0.82015,0.000614,0.000614,0.000614
212,644.68,0.49072,0.35651,0.7981,0.98225,1,0.995,0.995,0.39759,0.26421,0.82648,0.0006074,0.0006074,0.0006074
213,647.459,0.55776,0.38853,0.7907,0.98225,1,0.995,0.995,0.39759,0.26421,0.82648,0.0006008,0.0006008,0.0006008
214,650.081,0.47777,0.36807,0.81855,0.98261,1,0.995,0.8955,0.47277,0.32613,0.83185,0.0005942,0.0005942,0.0005942
215,652.672,0.48461,0.35182,0.79775,0.98265,1,0.995,0.8955,0.52262,0.3435,0.83449,0.0005876,0.0005876,0.0005876
216,655.968,0.49433,0.35681,0.77173,0.98251,1,0.995,0.8955,0.51339,0.36481,0.83036,0.000581,0.000581,0.000581
